{"cameraMode":{"drawMode":0,"name":"Shaded","section":"Shading Mode"},"sceneLighting":false,"audioPlay":false,"sceneViewState":{"m_AlwaysRefresh":false,"showFog":false,"showSkybox":false,"showFlares":false,"showImageEffects":false,"showParticleSystems":false,"showVisualEffectGraphs":true,"m_FxEnabled":false},"in2DMode":false,"pivot":{"x":0.2534710466861725,"y":0.1338823437690735,"z":0.41511592268943789},"rotation":{"x":-0.14348050951957704,"y":-0.07265575230121613,"z":0.01059220265597105,"w":-0.9873530268669128},"size":1.050827980041504,"orthographic":false}